{
    "before1.png": [
        1003695,
        1661753913.9666712
    ],
    "Ahmed.ipynb": [
        1301,
        1661753913.9485123
    ],
    "hex_output.py": [
        211,
        1661753914.0166218
    ],
    "test_plates.py": [
        323,
        1661753914.0969927
    ],
    "write.csv": [
        1650,
        1661753914.10518
    ],
    "ubbi_dubbi.py": [
        301,
        1661753914.1025822
    ],
    "my_average.py": [
        232,
        1661753914.029515
    ],
    "sum_of series.py": [
        45,
        1661753914.0865765
    ],
    "coke_test.py": [
        414,
        1661753913.9715352
    ],
    ".DS_Store": [
        6148,
        1661753913.9442117
    ],
    "itunes.py": [
        247,
        1661753914.019638
    ],
    "total_number.py": [
        367,
        1661753914.1001024
    ],
    "summing_numbers.py": [
        252,
        1661753914.0883996
    ],
    "Abukar.ipynb": [
        27984,
        1661759528.760751
    ],
    "guessing_game.py": [
        884,
        1661753914.0156765
    ],
    "first_last.py": [
        80,
        1661753914.0040545
    ],
    "latin_sentences.py": [
        403,
        1661753914.0209308
    ],
    "game.py": [
        871,
        1661753914.0116494
    ],
    "fuel.py": [
        550,
        1661753914.0087066
    ],
    "bitcoin.py": [
        479,
        1661753913.9681394
    ],
    "fuel_distance.py": [
        336,
        1661753914.0103319
    ],
    "unpacking_dictionaries.py": [
        239,
        1661753914.1037364
    ],
    "pizza.py": [
        755,
        1661753914.0455513
    ],
    "shirt.png": [
        65484,
        1661753914.081784
    ],
    "meal.py": [
        560,
        1661753914.0273592
    ],
    "test_bank.py": [
        195,
        1661753914.092503
    ],
    "argparsla.py": [
        229,
        1661753913.9535432
    ],
    "comply.py": [
        373,
        1661753913.9727178
    ],
    "closures.py": [
        150,
        1661753913.9698865
    ],
    "bolean_return.py": [
        317,
        1661753913.9687443
    ],
    "string_sort.py": [
        284,
        1661753914.0857553
    ],
    "json1.json": [
        5661,
        1661759029.5642862
    ],
    "constume.png": [
        2013412,
        1661753913.9886813
    ],
    "grocery.py": [
        392,
        1661753914.0130727
    ],
    "bank.py": [
        286,
        1661753913.9565525
    ],
    "dublicates.py": [
        192,
        1661753913.994421
    ],
    "Alphabetizing_names.py": [
        524,
        1661753913.950201
    ],
    "test_calculator.py": [
        106,
        1661753914.0940127
    ],
    "run_timming.py": [
        297,
        1661753914.0692506
    ],
    "test_fuel.py": [
        337,
        1661753914.0952601
    ],
    "plates.py": [
        555,
        1661753914.0499668
    ],
    "lines.py": [
        824,
        1661753914.0245652
    ],
    "coke.py": [
        730,
        1661753913.9707797
    ],
    "shirt.py": [
        918,
        1661753914.0838215
    ],
    "passwd.txt": [
        5633,
        1661753914.0363662
    ],
    "extensions.py": [
        726,
        1661753914.0001094
    ],
    "Taqueria.py": [
        437,
        1661753913.9515593
    ],
    "arrow1.py": [
        0,
        1661753913.9537573
    ],
    "email_check.py": [
        148,
        1661753913.9956188
    ],
    "prime factors.py": [
        368,
        1661753914.0541244
    ],
    "test_twttr.py": [
        205,
        1661753914.0983133
    ],
    "even_odd_sums.py": [
        295,
        1661753913.9988136
    ],
    "looping.py": [
        310,
        1661753914.0263712
    ],
    "twitter.py": [
        256,
        1661753914.101208
    ],
    "tab_numbers.txt": [
        30,
        1661753914.0911624
    ],
    "csv_manipulation.csv": [
        0,
        1661753913.989426
    ],
    "cube.py": [
        255,
        1661753913.9919846
    ],
    "nutrition.py": [
        662,
        1661753914.0330842
    ],
    "factorial.py": [
        400,
        1661753914.0010333
    ],
    "for_loop.py": [
        166,
        1661753914.004954
    ],
    "yield.py": [
        110,
        1661753914.1075215
    ],
    "pig_latin.py": [
        228,
        1661753914.0394275
    ],
    "outdated.py": [
        1182,
        1661753914.034447
    ],
    "liitle_president.py": [
        1123,
        1661753914.0224292
    ],
    "emojize.py": [
        115,
        1661753913.9971335
    ],
    "before.csv": [
        1513,
        1661753913.958303
    ],
    "regular.csv": [
        142,
        1661753914.0608153
    ],
    "figlet.py": [
        469,
        1661753914.0027533
    ],
    "tip_calculator.py": [
        384,
        1661753914.0993912
    ],
    "reverse_range.py": [
        251,
        1661753914.0668967
    ],
    "format_csv.py": [
        972,
        1661753914.00641
    ],
    "einstein.py": [
        100,
        1661753913.9950256
    ],
    "after.csv": [
        1468,
        1661753913.9527068
    ],
    "deep.py": [
        172,
        1661753913.9931858
    ],
    "list_manipulation.py": [
        688,
        1661753914.0255477
    ],
    "index_at_odd.py": [
        175,
        1661753914.017628
    ],
    "mysum.py": [
        314,
        1661753914.0312667
    ],
    "sys.py": [
        182,
        1661753914.0894911
    ],
    "shirt2.png": [
        0,
        1661753914.0841916
    ],
    "scrubble.py": [
        916,
        1661753914.0743365
    ],
    "itertools.py": [
        146,
        1661753914.0186646
    ],
    "replace.py": [
        258,
        1661753914.0651875
    ]
}